route_dir,route_id,direction_id,route_short_name,short_dir,shape_id
"100001_0","100001","0","1","1_0","11001011"
"100001_0","100001","0","1","1_0","11001012"
"100001_1","100001","1","1","1_1","20001009"
"100001_1","100001","1","1","1_1","20001010"
"100002_0","100002","0","10","10_0","11010022"
"100002_0","100002","0","10","10_0","11010033"
"100002_0","100002","0","10","10_0","11010034"
"100002_1","100002","1","10","10_1","20010006"
"100002_1","100002","1","10","10_1","20010035"
"100002_1","100002","1","10","10_1","20010036"
"100003_0","100003","0","101","101_0","21101074"
"100003_1","100003","1","101","101_1","10101069"
"100003_1","100003","1","101","101_1","10101071"
"100003_1","100003","1","101","101_1","10101083"
"100003_1","100003","1","101","101_1","10101084"
"100004_0","100004","0","105","105_0","11105009"
"100004_1","100004","1","105","105_1","20105010"
"100005_0","100005","0","106","106_0","21106108"
"100005_1","100005","1","106","106_1","10106034"
"100005_1","100005","1","106","106_1","10106037"
"100006_0","100006","0","107","107_0","21107019"
"100006_0","100006","0","107","107_0","21107020"
"100006_1","100006","1","107","107_1","10107018"
"100009_0","100009","0","11","11_0","11011042"
"100009_0","100009","0","11","11_0","11011051"
"100009_1","100009","1","11","11_1","20011009"
"100009_1","100009","1","11","11_1","20011043"
"100009_1","100009","1","11","11_1","20011052"
"100009_1","100009","1","11","11_1","20011053"
"100011_0","100011","0","111","111_0","21111040"
"100011_1","100011","1","111","111_1","10111002"
"100012_0","100012","0","113","113_0","21113028"
"100012_1","100012","1","113","113_1","10113020"
"100012_1","100012","1","113","113_1","10113021"
"100013_0","100013","0","114","114_0","21114029"
"100013_1","100013","1","114","114_1","10114001"
"100014_0","100014","0","116","116_0","21116022"
"100014_1","100014","1","116","116_1","10116001"
"100014_1","100014","1","116","116_1","10116021"
"100016_0","100016","0","118","118_0","21118006"
"100016_0","100016","0","118","118_0","21118009"
"100016_0","100016","0","118","118_0","21118340"
"100016_0","100016","0","118","118_0","21118342"
"100016_0","100016","0","118","118_0","21118349"
"100016_0","100016","0","118","118_0","21118376"
"100016_1","100016","1","118","118_1","10118004"
"100016_1","100016","1","118","118_1","10118346"
"100016_1","100016","1","118","118_1","10118347"
"100016_1","100016","1","118","118_1","10118357"
"100016_1","100016","1","118","118_1","10118362"
"100016_1","100016","1","118","118_1","10118370"
"100017_0","100017","0","119","119_0","21119002"
"100017_0","100017","0","119","119_0","21119006"
"100017_0","100017","0","119","119_0","21119027"
"100017_1","100017","1","119","119_1","10119012"
"100017_1","100017","1","119","119_1","10119014"
"100017_1","100017","1","119","119_1","10119016"
"100017_1","100017","1","119","119_1","10119022"
"100017_1","100017","1","119","119_1","10119028"
"100018_0","100018","0","12","12_0","11012041"
"100018_0","100018","0","12","12_0","11012042"
"100018_0","100018","0","12","12_0","11012043"
"100018_0","100018","0","12","12_0","11012044"
"100018_1","100018","1","12","12_1","20012045"
"100018_1","100018","1","12","12_1","20012046"
"100019_0","100019","0","120","120_0","21120053"
"100019_1","100019","1","120","120_1","10120056"
"100019_1","100019","1","120","120_1","10120058"
"100020_0","100020","0","121","121_0","21121001"
"100020_0","100020","0","121","121_0","21121002"
"100020_0","100020","0","121","121_0","21121092"
"100020_1","100020","1","121","121_1","10121003"
"100020_1","100020","1","121","121_1","10121085"
"100020_1","100020","1","121","121_1","10121087"
"100020_1","100020","1","121","121_1","10121088"
"100021_0","100021","0","122","122_0","21122022"
"100021_1","100021","1","122","122_1","10122017"
"100021_1","100021","1","122","122_1","10122018"
"100022_0","100022","0","123","123_0","21123019"
"100022_1","100022","1","123","123_1","10123015"
"100022_1","100022","1","123","123_1","10123016"
"100023_0","100023","0","124","124_0","21124050"
"100023_0","100023","0","124","124_0","21124051"
"100023_0","100023","0","124","124_0","21124059"
"100023_0","100023","0","124","124_0","21124060"
"100023_1","100023","1","124","124_1","10124001"
"100023_1","100023","1","124","124_1","10124002"
"100023_1","100023","1","124","124_1","10124033"
"100024_0","100024","0","125","125_0","21125001"
"100024_1","100024","1","125","125_1","10125002"
"100024_1","100024","1","125","125_1","10125003"
"100026_0","100026","0","128","128_0","11128039"
"100026_0","100026","0","128","128_0","11128040"
"100026_1","100026","1","128","128_1","20128041"
"100026_1","100026","1","128","128_1","20128042"
"100026_1","100026","1","128","128_1","20128043"
"100026_1","100026","1","128","128_1","20128045"
"100028_0","100028","0","13","13_0","11013031"
"100028_0","100028","0","13","13_0","11013032"
"100028_0","100028","0","13","13_0","11013033"
"100028_0","100028","0","13","13_0","11013034"
"100028_1","100028","1","13","13_1","20013007"
"100028_1","100028","1","13","13_1","20013008"
"100030_0","100030","0","131","131_0","21131104"
"100030_0","100030","0","131","131_0","21131106"
"100030_1","100030","1","131","131_1","10131103"
"100030_1","100030","1","131","131_1","10131105"
"100031_0","100031","0","132","132_0","21132386"
"100031_1","100031","1","132","132_1","10132383"
"100031_1","100031","1","132","132_1","10132384"
"100039_0","100039","0","14","14_0","21014605"
"100039_0","100039","0","14","14_0","21014606"
"100039_0","100039","0","14","14_0","21014607"
"100039_0","100039","0","14","14_0","21014608"
"100039_0","100039","0","14","14_0","21014610"
"100039_1","100039","1","14","14_1","10014601"
"100039_1","100039","1","14","14_1","10014602"
"100039_1","100039","1","14","14_1","10014603"
"100039_1","100039","1","14","14_1","10014604"
"100041_0","100041","0","143","143_0","21143001"
"100041_0","100041","0","143","143_0","21143052"
"100041_1","100041","1","143","143_1","10143003"
"100041_1","100041","1","143","143_1","10143053"
"100042_0","100042","0","148","148_0","21148008"
"100042_1","100042","1","148","148_1","10148007"
"100044_0","100044","0","15","15_0","11015700"
"100044_1","100044","1","15","15_1","20015801"
"100045_0","100045","0","150","150_0","21150186"
"100045_0","100045","0","150","150_0","21150189"
"100045_0","100045","0","150","150_0","21150192"
"100045_1","100045","1","150","150_1","10150002"
"100045_1","100045","1","150","150_1","10150172"
"100045_1","100045","1","150","150_1","10150188"
"100045_1","100045","1","150","150_1","10150193"
"100048_0","100048","0","153","153_0","21153016"
"100048_1","100048","1","153","153_1","10153018"
"100049_0","100049","0","154","154_0","21154062"
"100049_1","100049","1","154","154_1","10154061"
"100051_0","100051","0","158","158_0","21158001"
"100051_1","100051","1","158","158_1","10158004"
"100051_1","100051","1","158","158_1","10158005"
"100052_0","100052","0","159","159_0","21159001"
"100052_1","100052","1","159","159_1","10159003"
"100057_0","100057","0","164","164_0","41164001"
"100057_1","100057","1","164","164_1","30164002"
"100057_1","100057","1","164","164_1","30164003"
"100058_0","100058","0","166","166_0","11166057"
"100058_0","100058","0","166","166_0","11166058"
"100058_1","100058","1","166","166_1","20166053"
"100058_1","100058","1","166","166_1","20166054"
"100058_1","100058","1","166","166_1","20166056"
"100058_1","100058","1","166","166_1","20166061"
"100059_0","100059","0","167","167_0","21167335"
"100059_1","100059","1","167","167_1","10167334"
"100060_0","100060","0","168","168_0","41168032"
"100060_1","100060","1","168","168_1","30168033"
"100060_1","100060","1","168","168_1","30168034"
"100061_0","100061","0","169","169_0","11169019"
"100061_1","100061","1","169","169_1","20169020"
"100061_1","100061","1","169","169_1","20169021"
"100062_0","100062","0","17","17_0","11017073"
"100062_1","100062","1","17","17_1","20017071"
"100068_0","100068","0","177","177_0","21177123"
"100068_0","100068","0","177","177_0","21177124"
"100068_1","100068","1","177","177_1","10177002"
"100068_1","100068","1","177","177_1","10177003"
"100069_0","100069","0","178","178_0","21178050"
"100069_0","100069","0","178","178_0","21178051"
"100069_1","100069","1","178","178_1","10178002"
"100069_1","100069","1","178","178_1","10178003"
"100070_0","100070","0","179","179_0","21179039"
"100070_1","100070","1","179","179_1","10179002"
"100071_0","100071","0","18","18_0","11018502"
"100071_1","100071","1","18","18_1","20018499"
"100072_0","100072","0","181","181_0","41181027"
"100072_1","100072","1","181","181_1","30181026"
"100073_0","100073","0","182","182_0","21182008"
"100073_1","100073","1","182","182_1","10182009"
"100074_0","100074","0","183","183_0","21183032"
"100074_1","100074","1","183","183_1","10183030"
"100077_0","100077","0","186","186_0","41186009"
"100077_1","100077","1","186","186_1","30186011"
"100077_1","100077","1","186","186_1","30186012"
"100078_0","100078","0","187","187_0","21187012"
"100078_1","100078","1","187","187_1","10187008"
"100081_0","100081","0","19","19_0","11019023"
"100081_1","100081","1","19","19_1","20019025"
"100081_1","100081","1","19","19_1","20019026"
"100082_0","100082","0","190","190_0","21190018"
"100082_1","100082","1","190","190_1","10190002"
"100084_0","100084","0","192","192_0","21192051"
"100084_1","100084","1","192","192_1","10192002"
"100088_0","100088","0","197","197_0","21197057"
"100088_1","100088","1","197","197_1","10197054"
"100089_0","100089","0","2","2_0","21002007"
"100089_0","100089","0","2","2_0","21002009"
"100089_0","100089","0","2","2_0","21002010"
"100089_0","100089","0","2","2_0","21002563"
"100089_1","100089","1","2","2_1","10002011"
"100089_1","100089","1","2","2_1","10002012"
"100089_1","100089","1","2","2_1","10002014"
"100089_1","100089","1","2","2_1","10002015"
"100089_1","100089","1","2","2_1","10002016"
"100089_1","100089","1","2","2_1","10002562"
"100091_0","100091","0","200","200_0","21200032"
"100091_1","100091","1","200","200_1","10200031"
"100092_0","100092","0","201","201_0","21201031"
"100092_1","100092","1","201","201_1","10201021"
"100095_0","100095","0","204","204_0","21204021"
"100095_0","100095","0","204","204_0","21204022"
"100095_1","100095","1","204","204_1","10204019"
"100095_1","100095","1","204","204_1","10204020"
"100099_0","100099","0","208","208_0","41208022"
"100099_1","100099","1","208","208_1","30208025"
"100101_0","100101","0","21","21_0","21021001"
"100101_0","100101","0","21","21_0","21021002"
"100101_0","100101","0","21","21_0","21021361"
"100101_1","100101","1","21","21_1","10021372"
"100101_1","100101","1","21","21_1","10021378"
"100101_1","100101","1","21","21_1","10021380"
"100104_0","100104","0","212","212_0","41212074"
"100104_0","100104","0","212","212_0","41212077"
"100104_1","100104","1","212","212_1","30212002"
"100104_1","100104","1","212","212_1","30212003"
"100106_0","100106","0","214","214_0","41214064"
"100106_0","100106","0","214","214_0","41214076"
"100106_1","100106","1","214","214_1","30214001"
"100106_1","100106","1","214","214_1","30214004"
"100108_0","100108","0","216","216_0","41216047"
"100108_1","100108","1","216","216_1","30216042"
"100109_0","100109","0","217","217_0","31217003"
"100109_1","100109","1","217","217_1","40217002"
"100110_0","100110","0","219","219_0","41219033"
"100110_1","100110","1","219","219_1","30219027"
"100111_0","100111","0","22","22_0","21022098"
"100111_1","100111","1","22","22_1","10022096"
"100111_1","100111","1","22","22_1","10022097"
"100113_0","100113","0","221","221_0","21221082"
"100113_0","100113","0","221","221_0","21221083"
"100113_0","100113","0","221","221_0","21221091"
"100113_0","100113","0","221","221_0","21221096"
"100113_1","100113","1","221","221_1","10221077"
"100113_1","100113","1","221","221_1","10221080"
"100113_1","100113","1","221","221_1","10221081"
"100113_1","100113","1","221","221_1","10221087"
"100113_1","100113","1","221","221_1","10221088"
"100113_1","100113","1","221","221_1","10221100"
"100124_0","100124","0","232","232_0","41232105"
"100124_0","100124","0","232","232_0","41232107"
"100124_1","100124","1","232","232_1","30232098"
"100124_1","100124","1","232","232_1","30232099"
"100126_0","100126","0","234","234_0","11234081"
"100126_1","100126","1","234","234_1","20234082"
"100127_0","100127","0","235","235_0","11235028"
"100127_1","100127","1","235","235_1","20235029"
"100128_0","100128","0","236","236_0","11236059"
"100128_1","100128","1","236","236_1","20236060"
"100129_0","100129","0","237","237_0","11237051"
"100129_1","100129","1","237","237_1","20237054"
"100130_0","100130","0","238","238_0","11238060"
"100130_0","100130","0","238","238_0","11238062"
"100130_1","100130","1","238","238_1","20238061"
"100130_1","100130","1","238","238_1","20238063"
"100132_0","100132","0","24","24_0","11024097"
"100132_0","100132","0","24","24_0","11024099"
"100132_0","100132","0","24","24_0","11024106"
"100132_1","100132","1","24","24_1","20024001"
"100132_1","100132","1","24","24_1","20024002"
"100132_1","100132","1","24","24_1","20024101"
"100132_1","100132","1","24","24_1","20024102"
"100133_0","100133","0","240","240_0","11240078"
"100133_1","100133","1","240","240_1","20240080"
"100135_0","100135","0","243","243_0","21243324"
"100135_1","100135","1","243","243_1","10243004"
"100136_0","100136","0","245","245_0","11245094"
"100136_0","100136","0","245","245_0","11245095"
"100136_0","100136","0","245","245_0","11245100"
"100136_1","100136","1","245","245_1","20245091"
"100136_1","100136","1","245","245_1","20245092"
"100136_1","100136","1","245","245_1","20245099"
"100136_1","100136","1","245","245_1","20245106"
"100137_0","100137","0","246","246_0","11246315"
"100137_1","100137","1","246","246_1","20246314"
"100137_1","100137","1","246","246_1","20246316"
"100139_0","100139","0","249","249_0","41249001"
"100139_0","100139","0","249","249_0","41249002"
"100139_0","100139","0","249","249_0","41249124"
"100139_1","100139","1","249","249_1","30249130"
"100139_1","100139","1","249","249_1","30249133"
"100143_0","100143","0","252","252_0","41252002"
"100143_1","100143","1","252","252_1","30252337"
"100146_0","100146","0","255","255_0","41255002"
"100146_0","100146","0","255","255_0","41255011"
"100146_0","100146","0","255","255_0","41255015"
"100146_1","100146","1","255","255_1","30255337"
"100146_1","100146","1","255","255_1","30255444"
"100146_1","100146","1","255","255_1","30255474"
"100146_1","100146","1","255","255_1","30255475"
"100146_1","100146","1","255","255_1","30255476"
"100148_0","100148","0","257","257_0","41257002"
"100148_1","100148","1","257","257_1","30257331"
"100151_0","100151","0","26","26_0","11026071"
"100151_0","100151","0","26","26_0","11026077"
"100151_1","100151","1","26","26_1","20026004"
"100151_1","100151","1","26","26_1","20026005"
"100151_1","100151","1","26","26_1","20026067"
"100151_1","100151","1","26","26_1","20026075"
"100151_1","100151","1","26","26_1","20026082"
"100151_1","100151","1","26","26_1","20026083"
"100159_0","100159","0","268","268_0","41268002"
"100159_1","100159","1","268","268_1","30268323"
"100160_0","100160","0","269","269_0","11269050"
"100160_1","100160","1","269","269_1","20269046"
"100161_0","100161","0","27","27_0","21027034"
"100161_0","100161","0","27","27_0","21027036"
"100161_1","100161","1","27","27_1","10027014"
"100161_1","100161","1","27","27_1","10027035"
"100162_0","100162","0","271","271_0","41271162"
"100162_0","100162","0","271","271_0","41271165"
"100162_0","100162","0","271","271_0","41271168"
"100162_0","100162","0","271","271_0","41271174"
"100162_0","100162","0","271","271_0","41271175"
"100162_0","100162","0","271","271_0","41271177"
"100162_1","100162","1","271","271_1","30271001"
"100162_1","100162","1","271","271_1","30271152"
"100162_1","100162","1","271","271_1","30271155"
"100162_1","100162","1","271","271_1","30271159"
"100162_1","100162","1","271","271_1","30271171"
"100162_1","100162","1","271","271_1","30271176"
"100168_0","100168","0","277","277_0","41277014"
"100168_1","100168","1","277","277_1","30277011"
"100169_0","100169","0","28","28_0","11028522"
"100169_0","100169","0","28","28_0","11028553"
"100169_1","100169","1","28","28_1","20028541"
"100169_1","100169","1","28","28_1","20028542"
"100169_1","100169","1","28","28_1","20028543"
"100169_1","100169","1","28","28_1","20028544"
"100173_0","100173","0","3","3_0","21003006"
"100173_0","100173","0","3","3_0","21003014"
"100173_0","100173","0","3","3_0","21003015"
"100173_0","100173","0","3","3_0","21003021"
"100173_0","100173","0","3","3_0","21003022"
"100173_1","100173","1","3","3_1","10003007"
"100173_1","100173","1","3","3_1","10003010"
"100173_1","100173","1","3","3_1","10003013"
"100173_1","100173","1","3","3_1","10003016"
"100173_1","100173","1","3","3_1","10003019"
"100173_1","100173","1","3","3_1","10003020"
"100173_1","100173","1","3","3_1","10003023"
"100175_0","100175","0","301","301_0","11301140"
"100175_0","100175","0","301","301_0","11301141"
"100175_0","100175","0","301","301_0","11301143"
"100175_0","100175","0","301","301_0","11301145"
"100175_1","100175","1","301","301_1","20301136"
"100175_1","100175","1","301","301_1","20301137"
"100175_1","100175","1","301","301_1","20301138"
"100175_1","100175","1","301","301_1","20301139"
"100177_0","100177","0","303","303_0","11303072"
"100177_1","100177","1","303","303_1","20303001"
"100178_0","100178","0","304","304_0","11304021"
"100178_1","100178","1","304","304_1","20304020"
"100182_0","100182","0","308","308_0","11308034"
"100182_1","100182","1","308","308_1","20308030"
"100183_0","100183","0","309","309_0","11309004"
"100183_1","100183","1","309","309_1","20309003"
"100184_0","100184","0","31","31_0","31031056"
"100184_1","100184","1","31","31_1","40031053"
"100184_1","100184","1","31","31_1","40031055"
"100186_0","100186","0","311","311_0","41311002"
"100186_1","100186","1","311","311_1","30311343"
"100187_0","100187","0","312","312_0","11312076"
"100187_0","100187","0","312","312_0","11312077"
"100187_1","100187","1","312","312_1","20312047"
"100187_1","100187","1","312","312_1","20312048"
"100190_0","100190","0","316","316_0","11316015"
"100190_1","100190","1","316","316_1","20316017"
"100193_0","100193","0","32","32_0","31032001"
"100193_0","100193","0","32","32_0","31032125"
"100193_1","100193","1","32","32_1","40032123"
"100194_0","100194","0","33","33_0","11033071"
"100194_0","100194","0","33","33_0","11033072"
"100194_0","100194","0","33","33_0","11033083"
"100194_0","100194","0","33","33_0","11033084"
"100194_1","100194","1","33","33_1","20033056"
"100194_1","100194","1","33","33_1","20033057"
"100194_1","100194","1","33","33_1","20033073"
"100194_1","100194","1","33","33_1","20033074"
"100195_0","100195","0","330","330_0","31330007"
"100195_1","100195","1","330","330_1","40330006"
"100196_0","100196","0","331","331_0","41331030"
"100196_0","100196","0","331","331_0","41331033"
"100196_1","100196","1","331","331_1","30331029"
"100196_1","100196","1","331","331_1","30331031"
"100196_1","100196","1","331","331_1","30331032"
"100196_1","100196","1","331","331_1","30331034"
"100201_0","100201","0","342","342_0","11342034"
"100201_0","100201","0","342","342_0","11342036"
"100201_1","100201","1","342","342_1","20342029"
"100201_1","100201","1","342","342_1","20342040"
"100202_0","100202","0","345","345_0","11345009"
"100202_0","100202","0","345","345_0","11345020"
"100202_1","100202","1","345","345_1","20345005"
"100202_1","100202","1","345","345_1","20345010"
"100203_0","100203","0","346","346_0","11346015"
"100203_1","100203","1","346","346_1","20346005"
"100203_1","100203","1","346","346_1","20346016"
"100204_0","100204","0","347","347_0","11347009"
"100204_1","100204","1","347","347_1","20347011"
"100205_0","100205","0","348","348_0","11348005"
"100205_1","100205","1","348","348_1","20348006"
"100207_0","100207","0","355","355_0","11355069"
"100207_1","100207","1","355","355_1","20355074"
"100210_0","100210","0","36","36_0","21036027"
"100210_0","100210","0","36","36_0","21036365"
"100210_0","100210","0","36","36_0","21036366"
"100210_0","100210","0","36","36_0","21036411"
"100210_1","100210","1","36","36_1","10036406"
"100210_1","100210","1","36","36_1","10036409"
"100210_1","100210","1","36","36_1","10036413"
"100212_0","100212","0","37","37_0","21037051"
"100212_1","100212","1","37","37_1","10037052"
"100214_0","100214","0","372","372_0","11372004"
"100214_0","100214","0","372","372_0","11372049"
"100214_0","100214","0","372","372_0","11372051"
"100214_0","100214","0","372","372_0","11372052"
"100214_1","100214","1","372","372_1","20372001"
"100214_1","100214","1","372","372_1","20372002"
"100214_1","100214","1","372","372_1","20372003"
"100215_0","100215","0","373","373_0","11373020"
"100215_1","100215","1","373","373_1","20373019"
"100219_0","100219","0","4","4_0","21004006"
"100219_0","100219","0","4","4_0","21004007"
"100219_0","100219","0","4","4_0","21004015"
"100219_0","100219","0","4","4_0","21004017"
"100219_0","100219","0","4","4_0","21004018"
"100219_1","100219","1","4","4_1","10004001"
"100219_1","100219","1","4","4_1","10004003"
"100219_1","100219","1","4","4_1","10004005"
"100219_1","100219","1","4","4_1","10004012"
"100219_1","100219","1","4","4_1","10004013"
"100219_1","100219","1","4","4_1","10004019"
"100221_0","100221","0","41","41_0","11041002"
"100221_0","100221","0","41","41_0","11041231"
"100221_0","100221","0","41","41_0","11041232"
"100221_0","100221","0","41","41_0","11041240"
"100221_1","100221","1","41","41_1","20041005"
"100221_1","100221","1","41","41_1","20041007"
"100221_1","100221","1","41","41_1","20041228"
"100221_1","100221","1","41","41_1","20041229"
"100221_1","100221","1","41","41_1","20041250"
"100223_0","100223","0","43","43_0","11043005"
"100223_0","100223","0","43","43_0","11043006"
"100223_1","100223","1","43","43_1","20043030"
"100223_1","100223","1","43","43_1","20043033"
"100223_1","100223","1","43","43_1","20043038"
"100224_0","100224","0","44","44_0","11044007"
"100224_0","100224","0","44","44_0","11044008"
"100224_0","100224","0","44","44_0","11044012"
"100224_1","100224","1","44","44_1","20044004"
"100224_1","100224","1","44","44_1","20044009"
"100224_1","100224","1","44","44_1","20044021"
"100225_0","100225","0","45","45_0","31045010"
"100225_0","100225","0","45","45_0","31045012"
"100225_1","100225","1","45","45_1","40045013"
"100225_1","100225","1","45","45_1","40045014"
"100227_0","100227","0","47","47_0","11047005"
"100227_0","100227","0","47","47_0","11047006"
"100227_1","100227","1","47","47_1","20047007"
"100227_1","100227","1","47","47_1","20047008"
"100228_0","100228","0","48","48_0","11048006"
"100228_0","100228","0","48","48_0","11048619"
"100228_1","100228","1","48","48_1","20048616"
"100229_0","100229","0","5","5_0","11005153"
"100229_0","100229","0","5","5_0","11005164"
"100229_1","100229","1","5","5_1","20005001"
"100229_1","100229","1","5","5_1","20005003"
"100229_1","100229","1","5","5_1","20005013"
"100229_1","100229","1","5","5_1","20005134"
"100230_0","100230","0","50","50_0","41050312"
"100230_1","100230","1","50","50_1","30050313"
"100238_0","100238","0","55","55_0","21055299"
"100238_0","100238","0","55","55_0","21055300"
"100238_1","100238","1","55","55_1","10055287"
"100238_1","100238","1","55","55_1","10055301"
"100242_0","100242","0","56","56_0","21056089"
"100242_1","100242","1","56","56_1","10056002"
"100246_0","100246","0","57","57_0","21057020"
"100246_1","100246","1","57","57_1","10057019"
"100249_0","100249","0","60","60_0","21060043"
"100249_1","100249","1","60","60_1","10060044"
"100249_1","100249","1","60","60_1","10060045"
"100252_0","100252","0","62","62_0","11062012"
"100252_0","100252","0","62","62_0","11062014"
"100252_1","100252","1","62","62_1","20062009"
"100252_1","100252","1","62","62_1","20062016"
"100252_1","100252","1","62","62_1","20062017"
"100253_0","100253","0","64","64_0","11064022"
"100253_1","100253","1","64","64_1","20064023"
"100254_0","100254","0","65","65_0","11065088"
"100254_1","100254","1","65","65_1","20065082"
"100258_0","100258","0","661","661_0","21661013"
"100258_1","100258","1","661","661_1","10661012"
"100259_0","100259","0","67","67_0","11067077"
"100259_1","100259","1","67","67_1","20067078"
"100263_0","100263","0","7","7_0","21007004"
"100263_0","100263","0","7","7_0","21007005"
"100263_0","100263","0","7","7_0","21007010"
"100263_0","100263","0","7","7_0","21007011"
"100263_0","100263","0","7","7_0","21007032"
"100263_0","100263","0","7","7_0","21007046"
"100263_0","100263","0","7","7_0","21007047"
"100263_1","100263","1","7","7_1","10007009"
"100263_1","100263","1","7","7_1","10007021"
"100263_1","100263","1","7","7_1","10007022"
"100263_1","100263","1","7","7_1","10007048"
"100264_0","100264","0","70","70_0","11070002"
"100264_0","100264","0","70","70_0","11070032"
"100264_0","100264","0","70","70_0","11070041"
"100264_0","100264","0","70","70_0","11070042"
"100264_0","100264","0","70","70_0","11070047"
"100264_0","100264","0","70","70_0","11070048"
"100264_1","100264","1","70","70_1","20070001"
"100264_1","100264","1","70","70_1","20070003"
"100264_1","100264","1","70","70_1","20070022"
"100264_1","100264","1","70","70_1","20070026"
"100264_1","100264","1","70","70_1","20070043"
"100264_1","100264","1","70","70_1","20070044"
"100264_1","100264","1","70","70_1","20070046"
"100265_0","100265","0","71","71_0","11071649"
"100265_0","100265","0","71","71_0","11071651"
"100265_1","100265","1","71","71_1","20071650"
"100265_1","100265","1","71","71_1","20071652"
"100267_0","100267","0","73","73_0","11073342"
"100267_0","100267","0","73","73_0","11073344"
"100267_1","100267","1","73","73_1","20073341"
"100267_1","100267","1","73","73_1","20073343"
"100268_0","100268","0","74","74_0","11074141"
"100268_1","100268","1","74","74_1","20074002"
"100269_0","100269","0","75","75_0","11075157"
"100269_0","100269","0","75","75_0","11075169"
"100269_1","100269","1","75","75_1","20075160"
"100269_1","100269","1","75","75_1","20075172"
"100270_0","100270","0","76","76_0","11076023"
"100270_1","100270","1","76","76_1","20076024"
"100271_0","100271","0","77","77_0","11077001"
"100271_1","100271","1","77","77_1","20077048"
"100273_0","100273","0","78","78_0","41078021"
"100273_1","100273","1","78","78_1","30078022"
"100275_0","100275","0","8","8_0","31008001"
"100275_1","100275","1","8","8_1","40008028"
"100283_0","100283","0","886","886_0","21886013"
"100283_1","100283","1","886","886_1","10886012"
"100284_0","100284","0","888","888_0","21888030"
"100284_1","100284","1","888","888_1","10888026"
"100285_0","100285","0","889","889_0","11889001"
"100285_1","100285","1","889","889_1","20889029"
"100287_0","100287","0","891","891_0","21891008"
"100287_1","100287","1","891","891_1","10891007"
"100288_0","100288","0","892","892_0","11892010"
"100288_1","100288","1","892","892_1","20892009"
"100289_0","100289","0","9","9_0","21009045"
"100289_1","100289","1","9","9_1","10009044"
"100324_0","100324","0","952","952_0","21952034"
"100324_0","100324","0","952","952_0","21952036"
"100324_0","100324","0","952","952_0","21952038"
"100324_1","100324","1","952","952_1","10952035"
"100324_1","100324","1","952","952_1","10952037"
"100341_0","100341","0","982","982_0","41982011"
"100341_1","100341","1","982","982_1","30982013"
"100343_1","100343","1","984","984_1","20984002"
"100344_0","100344","0","986","986_0","31986027"
"100344_1","100344","1","986","986_1","40986003"
"100345_0","100345","0","987","987_0","21987013"
"100345_1","100345","1","987","987_1","10987011"
"100346_0","100346","0","988","988_0","21988002"
"100346_1","100346","1","988","988_1","10988020"
"100347_0","100347","0","989","989_0","31989001"
"100347_1","100347","1","989","989_1","40989003"
"100348_0","100348","0","99","99_0","11099011"
"100348_1","100348","1","99","99_1","20099012"
"100350_0","100350","0","994","994_0","21994013"
"100350_1","100350","1","994","994_1","10994010"
"100351_0","100351","0","995","995_0","21995003"
"100351_1","100351","1","995","995_1","10995006"
"100447_0","100447","0","49","49_0","11049016"
"100447_0","100447","0","49","49_0","11049048"
"100447_0","100447","0","49","49_0","11049049"
"100447_0","100447","0","49","49_0","11049050"
"100447_1","100447","1","49","49_1","20049014"
"100447_1","100447","1","49","49_1","20049017"
"100447_1","100447","1","49","49_1","20049030"
"100447_1","100447","1","49","49_1","20049045"
"100448_0","100448","0","248","248_0","41248030"
"100448_1","100448","1","248","248_1","30248018"
"100459_0","100459","0","218","218_0","41218027"
"100459_1","100459","1","218","218_1","30218022"
"100469_0","100469","0","180","180_0","21180089"
"100469_0","100469","0","180","180_0","21180095"
"100469_0","100469","0","180","180_0","21180098"
"100469_1","100469","1","180","180_1","10180086"
"100469_1","100469","1","180","180_1","10180103"
"100469_1","100469","1","180","180_1","10180104"
"100469_1","100469","1","180","180_1","10180107"
"100473_0","100473","0","981","981_0","41981006"
"100475_0","100475","0","157","157_0","21157011"
"100475_1","100475","1","157","157_1","10157002"
"100476_0","100476","0","244","244_0","11244014"
"100476_0","100476","0","244","244_0","11244015"
"100476_1","100476","1","244","244_1","20244008"
"100487_0","100487","0","102","102_0","21102006"
"100487_1","100487","1","102","102_1","10102001"
"100487_1","100487","1","102","102_1","10102005"
"100489_0","100489","0","156","156_0","31156021"
"100489_1","100489","1","156","156_1","40156020"
"100493_0","100493","0","224","224_0","41224005"
"100493_1","100493","1","224","224_1","30224007"
"100495_0","100495","0","193","193_0","21193003"
"100495_1","100495","1","193","193_1","10193006"
"100512_0","100512","0","A Line","A Line_0","21671012"
"100512_1","100512","1","A Line","A Line_1","10671007"
"100512_1","100512","1","A Line","A Line_1","10671014"
"102548_0","102548","0","B Line","B Line_0","41672006"
"102548_1","102548","1","B Line","B Line_1","30672007"
"102549_1","102549","1","980","980_1","10980004"
"102552_0","102552","0","226","226_0","31226432"
"102552_0","102552","0","226","226_0","31226433"
"102552_1","102552","1","226","226_1","40226429"
"102552_1","102552","1","226","226_1","40226431"
"102552_1","102552","1","226","226_1","40226436"
"102554_0","102554","0","241","241_0","11241002"
"102554_1","102554","1","241","241_1","20241010"
"102555_0","102555","0","893","893_0","11893001"
"102555_1","102555","1","893","893_1","20893002"
"102572_0","102572","0","29","29_0","11029011"
"102572_1","102572","1","29","29_1","20029013"
"102573_0","102573","0","887","887_0","21887008"
"102573_1","102573","1","887","887_1","10887007"
"102574_0","102574","0","40","40_0","11040001"
"102574_1","102574","1","40","40_1","20040005"
"102574_1","102574","1","40","40_1","20040007"
"102576_0","102576","0","C Line","C Line_0","21673014"
"102576_0","102576","0","C Line","C Line_0","21673025"
"102576_1","102576","1","C Line","C Line_1","10673028"
"102581_0","102581","0","D Line","D Line_0","11674040"
"102581_1","102581","1","D Line","D Line_1","20674043"
"102581_1","102581","1","D Line","D Line_1","20674045"
"102615_0","102615","0","E Line","E Line_0","11675016"
"102615_1","102615","1","E Line","E Line_1","20675007"
"102615_1","102615","1","E Line","E Line_1","20675030"
"102619_0","102619","0","F Line","F Line_0","41676004"
"102619_1","102619","1","F Line","F Line_1","30676005"
"102623_0","102623","0","894","894_0","21894005"
"102623_1","102623","1","894","894_1","10894004"
"102628_0","102628","0","895","895_0","21895003"
"102628_1","102628","1","895","895_1","10895001"
"102639_0","102639","0","63","63_0","11063001"
"102639_1","102639","1","63","63_1","20063002"
"102644_0","102644","0","823","823_0","11823003"
"102644_1","102644","1","823","823_1","20823008"
"102645_0","102645","0","824","824_0","11824004"
"102645_1","102645","1","824","824_1","20824007"
